Song Name,Rank Score
Hello,8.12415060330663
Somewhere I Belong,5.108256237659907
Numb,2.5541281188299534
